pelicula,total_alquileres,total_ingresos,ingreso_promedio_por_renta
TELEGRAPH VOYAGE,27,231.73,8.582592592592592
WIFE TURN,31,223.69,7.215806451612903
ZORRO ARK,31,214.69,6.925483870967742
GOODFELLAS SALUTE,31,209.69,6.764193548387096
SATURDAY LAMBS,28,204.72,7.311428571428571
TITANS JERK,29,201.71,6.955517241379311
TORQUE BOUND,27,198.72,7.36
HARRY IDAHO,30,195.7,6.5233333333333325
INNOCENT USUAL,26,191.74,7.374615384615385
HUSTLER PARTY,22,190.78,8.671818181818182
PELICAN COMFORTS,26,188.74,7.259230769230769
CAT CONEHEADS,30,181.7,6.056666666666667
ENEMY ODDS,29,180.71,6.231379310344828
BUCKET BROTHERHOOD,34,180.66,5.313529411764706
RANGE MOONWALKER,27,179.73,6.656666666666666
MASSACRE USUAL,30,179.7,5.989999999999999
VIDEOTAPE ARSENIC,29,178.71,6.162413793103449
DOGMA FAMILY,30,178.7,5.956666666666666
APACHE DIVINE,31,178.69,5.764193548387096
VELVET TERMINATOR,26,177.74,6.836153846153847
DORADO NOTTING,27,176.73,6.545555555555556
FOOL MOCKINGBIRD,23,175.77,7.642173913043479
WITCHES PANIC,30,173.7,5.79
CLOSER BANG,28,172.72,6.168571428571428
SCALAWAG DUCK,32,172.68,5.39625
ROSES TREASURE,28,171.72,6.132857142857143
SUNRISE LEAGUE,24,170.76,7.114999999999999
SHOW LORD,25,170.75,6.83
NIGHTMARE CHILL,25,169.75,6.79
SCORPION APOLLO,23,168.77,7.337826086956523
AMERICAN CIRCUS,22,167.78,7.626363636363636
CONFIDENTIAL INTERVIEW,29,164.71,5.679655172413794
MAIDEN HOME,24,163.76,6.823333333333333
SEATTLE EXPECATIONS,24,163.75,6.822916666666667
WORKING MICROCOSMOS,25,163.75,6.55
BOOGIE AMELIE,29,163.7,5.644827586206896
STING PERSONAL,21,159.79,7.609047619047619
LOLA AGENT,24,159.76,6.656666666666666
BACKLASH UNDEFEATED,19,158.81,8.358421052631579
MIDSUMMER GROUNDHOG,22,156.78,7.126363636363636
TITANIC BOONDOCK,23,154.77,6.7291304347826095
STAGECOACH ARMAGEDDON,26,154.74,5.951538461538462
MINE TITANS,19,153.81,8.095263157894736
PITY BOUND,26,153.74,5.913076923076924
SECRETS PARADISE,20,152.8,7.640000000000001
EAGLES PANKY,22,152.78,6.944545454545454
HEAD STRANGER,22,152.78,6.944545454545454
WHISPERER GIANT,22,151.78,6.899090909090909
EASY GLADIATOR,23,150.77,6.555217391304348
MINDS TRUMAN,20,149.8,7.49
FELLOWSHIP AUTUMN,26,149.74,5.759230769230769
WONDERLAND CHRISTMAS,22,148.78,6.762727272727273
STREETCAR INTENTIONS,25,148.75,5.95
KISSING DOLLS,20,147.8,7.390000000000001
SUIT WALLS,21,147.79,7.037619047619048
TRADING PINOCCHIO,25,147.75,5.91
LIES TREATMENT,27,147.73,5.471481481481481
ATTRACTION NEWTON,24,146.76,6.114999999999999
FORRESTER COMANCHEROS,27,146.73,5.434444444444444
MOVIE SHAKESPEARE,27,145.74,5.397777777777778
TRIP NEWTON,28,145.72,5.204285714285715
GARDEN ISLAND,20,144.8,7.24
DURHAM PANKY,26,144.74,5.566923076923077
PRINCESS GIANT,27,142.74,5.286666666666667
CALENDAR GUNFIGHT,21,141.79,6.751904761904761
MOONSHINE CABIN,21,141.79,6.751904761904761
TOURIST PELICAN,22,141.78,6.444545454545454
STEEL SANTA,23,141.77,6.163913043478261
DRIFTER COMMANDMENTS,24,141.76,5.906666666666666
CHANCE RESURRECTION,27,141.73,5.249259259259259
FLAMINGOS CONNECTICUT,23,139.77,6.076956521739131
FIDELITY DEVIL,21,138.79,6.609047619047619
CENTER DINOSAUR,24,137.76,5.739999999999999
COMA HEAD,26,137.74,5.297692307692308
QUEEN LUKE,22,136.78,6.217272727272728
NAME DETECTIVE,23,136.77,5.946521739130435
CONEHEADS SMOOCHY,25,136.75,5.47
GLEAMING JAWBREAKER,29,136.7,4.713793103448276
PULP BEVERLY,30,136.7,4.556666666666667
YENTL IDAHO,23,135.77,5.90304347826087
FLINTSTONES HAPPINESS,17,134.83,7.931176470588236
WHALE BIKINI,18,134.82,7.489999999999999
HUNCHBACK IMPOSSIBLE,20,134.8,6.74
DETAILS PACKER,19,133.81,7.042631578947368
PINOCCHIO SIMON,20,133.8,6.69
SUSPECTS QUILLS,30,133.7,4.456666666666666
NETWORK PEAK,31,133.69,4.31258064516129
HEARTBREAKERS BRIGHT,20,132.8,6.640000000000001
BEAUTY GREASE,22,132.78,6.035454545454545
KISS GLORY,22,132.78,6.035454545454545
LIAISONS SWEET,22,131.78,5.99
ALADDIN CALENDAR,23,131.77,5.7291304347826095
SLEEPING SUSPECTS,24,131.76,5.489999999999999
METROPOLIS COMA,26,131.74,5.066923076923077
BINGO TALENTED,29,131.71,4.541724137931035
ROAD ROXANNE,19,130.81,6.884736842105263
MILLION ACE,20,130.8,6.540000000000001
RIDGEMONT SUBMARINE,32,130.68,4.08375
SATISFACTION CONFIDENTIAL,17,129.83,7.637058823529412
HEAVYWEIGHTS BEAST,23,129.77,5.642173913043479
DAWN POND,18,128.82,7.156666666666666
INTERVIEW LIAISONS,20,128.8,6.44
CAUSE DATE,21,128.79,6.132857142857143
CANDLES GRAPES,23,128.77,5.598695652173913
FORWARD TEMPLE,32,128.68,4.02125
TEEN APOLLO,17,127.83,7.5194117647058825
SOMETHING DUCK,19,127.81,6.726842105263158
SNATCH SLIPPER,22,127.78,5.808181818181819
FALCON VOLUME,22,127.77,5.807727272727273
TRAP GUYS,16,126.84,7.9275
MISSION ZOOLANDER,18,126.82,7.045555555555556
AGENT TRUMAN,21,126.79,6.037619047619048
SABRINA MIDNIGHT,21,126.79,6.037619047619048
FREDDY STORM,23,126.77,5.5117391304347825
STRANGERS GRAFFITI,17,123.83,7.284117647058824
DOORS PRESIDENT,19,123.81,6.516315789473684
MALTESE HOPE,22,123.78,5.626363636363636
BUTTERFLY CHOCOLAT,30,123.7,4.123333333333333
TIMBERLAND SKY,31,123.69,3.9899999999999998
WATERFRONT DELIVERANCE,17,121.83,7.166470588235294
SLEEPLESS MONSOON,20,121.8,6.09
TRUMAN CRAZY,23,121.77,5.294347826086956
SCARFACE BANG,18,120.82,6.712222222222222
HIGH ENCINO,22,120.78,5.49
RAGE GAMES,19,119.81,6.305789473684211
GHOST GROUNDHOG,21,119.79,5.704285714285715
ANGELS LIFE,22,119.78,5.444545454545454
WASH HEAVENLY,23,119.77,5.2073913043478255
LADY STAGE,17,118.83,6.99
DESERT POSEIDON,19,118.81,6.253157894736842
PHILADELPHIA WIFE,23,118.78,5.164347826086956
VIRTUAL SPOILERS,14,117.86,8.418571428571429
THIEF PELICAN,19,117.81,6.200526315789474
BROOKLYN DESERT,21,116.79,5.561428571428571
SECRET GROUNDHOG,21,116.79,5.561428571428571
KNOCK WARLOCK,24,116.76,4.865
HANKY OCTOBER,26,116.74,4.49
ROCKETEER MOTHER,33,116.67,3.5354545454545456
GALAXY SWEETHEARTS,18,115.82,6.434444444444444
PREJUDICE OLEANDER,20,115.8,5.79
SPICE SORORITY,20,115.8,5.79
BEVERLY OUTLAW,21,115.79,5.513809523809524
DRIVING POLISH,21,115.79,5.513809523809524
CONVERSATION DOWNHILL,17,114.83,6.754705882352941
UNDEFEATED DALMATIONS,21,114.79,5.4661904761904765
ARACHNOPHOBIA ROLLERCOASTER,24,114.76,4.781666666666667
IDOLS SNATCHERS,30,114.7,3.8233333333333333
HANGING DEEP,19,113.81,5.99
REDEMPTION COMFORTS,20,113.8,5.6899999999999995
OPEN AFRICAN,21,113.79,5.418571428571429
STRICTLY SCARFACE,23,113.77,4.946521739130435
SECRETARY ROUGE,18,112.82,6.267777777777777
HORN WORKING,24,112.76,4.698333333333333
CLUELESS BUCKET,25,112.75,4.51
GANGS PRIDE,27,112.73,4.175185185185185
BIRDS PERDITION,18,111.82,6.212222222222222
SWEDEN SHINING,18,111.81,6.211666666666667
MONEY HAROLD,20,111.8,5.59
FARGO GANDHI,24,111.76,4.656666666666667
PANKY SUBMARINE,15,110.85,7.39
DUDE BLINDNESS,16,110.84,6.9275
EXPECATIONS NATURAL,18,110.82,6.156666666666666
CHASING FIGHT,20,110.81,5.5405
REQUIEM TYCOON,19,110.81,5.832105263157895
REIGN GENTLEMEN,20,110.8,5.54
TOMORROW HUSTLER,25,110.75,4.43
GRIT CLOCKWORK,32,110.68,3.45875
DAY UNFAITHFUL,14,109.86,7.847142857142857
BREAKFAST GOLDFINGER,17,109.83,6.460588235294118
SHAWSHANK BUBBLE,19,109.81,5.779473684210527
JET NEIGHBORS,20,109.8,5.49
GREATEST NORTH,29,109.71,3.783103448275862
FISH OPUS,25,108.75,4.35
SAMURAI LION,25,108.75,4.35
COMMAND DARLING,16,107.84,6.74
ROCKY WAR,16,107.84,6.74
JERK PAYCHECK,20,107.8,5.39
BEAR GRACELAND,22,107.78,4.899090909090909
SOUTH WAIT,22,107.78,4.899090909090909
FATAL HAUNTED,28,107.72,3.847142857142857
CUPBOARD SINNERS,23,106.77,4.642173913043478
SALUTE APOLLO,23,106.77,4.642173913043478
GIANT TROOPERS,28,106.72,3.8114285714285714
LEAGUE HELLFIGHTERS,17,105.83,6.225294117647059
SUGAR WONKA,17,105.83,6.225294117647059
GORGEOUS BINGO,19,105.81,5.568947368421052
PEAK FOREVER,20,105.8,5.29
EGG IGBY,21,105.79,5.037619047619048
ROBBERS JOON,31,105.69,3.4093548387096773
WEST LION,16,104.84,6.5525
STEPMOM DREAM,20,104.8,5.24
ARIZONA BANG,21,104.79,4.99
HYDE DOCTOR,26,104.73,4.028076923076923
TYCOON GATHERING,12,103.88,8.656666666666666
CORE SUIT,18,103.82,5.767777777777777
DRAGONFLY STRANGERS,18,103.82,5.767777777777777
METAL ARMAGEDDON,25,103.75,4.15
INVASION CYCLONE,27,103.73,3.841851851851852
ENGLISH BULWORTH,30,103.7,3.4566666666666666
BILKO ANONYMOUS,13,102.87,7.913076923076924
CONFUSED CANDLES,17,102.83,6.048823529411765
FRENCH HOLIDAY,17,102.83,6.048823529411765
AIRPORT POLLOCK,18,102.82,5.712222222222222
GROUNDHOG UNCUT,18,102.82,5.712222222222222
PATTON INTERVIEW,23,102.77,4.468260869565217
ATTACKS HATE,16,101.84,6.365
PAYCHECK WAIT,16,101.84,6.365
RULES HUMAN,16,101.84,6.365
BROTHERHOOD BLANKET,26,101.74,3.9130769230769227
CAMELOT VACATION,27,101.73,3.767777777777778
BEHAVIOR RUNAWAY,13,100.87,7.759230769230769
QUILLS BULL,16,100.84,6.3025
POSEIDON FOREVER,17,100.83,5.931176470588235
ICE CROSSING,24,100.76,4.198333333333333
JASON TRAP,24,100.76,4.198333333333333
CONQUERER NUTS,16,99.84,6.24
MERMAID INSECTS,16,99.84,6.24
IGBY MAKER,19,99.81,5.253157894736842
SHOCK CABIN,30,99.7,3.3233333333333333
HALL CASSIDY,16,98.84,6.1775
PICKUP DRIVING,16,98.84,6.1775
BIKINI BORROWERS,17,98.83,5.813529411764706
HANOVER GALAXY,17,98.83,5.813529411764706
JERICHO MULAN,17,98.83,5.813529411764706
BALLOON HOMEWARD,23,98.77,4.294347826086956
SWEETHEARTS SUSPECTS,29,98.71,3.4037931034482756
MARRIED GO,30,98.7,3.29
WIZARD COLDBLOODED,16,97.84,6.115
HELLFIGHTERS SIERRA,20,97.8,4.89
SEA VIRGIN,22,97.78,4.444545454545454
EXPENDABLE STALLION,28,97.72,3.4899999999999998
DESTINY SATURDAY,16,96.84,6.0525
CANDIDATE PERDITION,18,96.81,5.378333333333334
VACATION BOONDOCK,21,96.79,4.60904761904762
BARBARELLA STREETCAR,25,96.75,3.87
DEER VIRGINIAN,29,96.72,3.3351724137931034
JUGGLER HARDLY,32,96.68,3.02125
DAISY MENAGERIE,16,95.84,5.99
INCH JET,18,95.82,5.323333333333333
OZ LIAISONS,24,95.76,3.99
SEABISCUIT PUNK,26,95.74,3.6823076923076923
MUSCLE BRIGHT,30,95.7,3.19
GOLD RIVER,14,94.86,6.775714285714286
SPY MILE,27,94.73,3.508518518518519
MODEL FISH,15,93.85,6.256666666666666
DYING MAKER,17,93.83,5.5194117647058825
VIRGIN DAISY,17,93.83,5.5194117647058825
DARN FORRESTER,18,93.82,5.212222222222222
COLOR PHILADELPHIA,24,93.76,3.9066666666666667
WARDROBE PHANTOM,27,93.73,3.4714814814814816
BRIGHT ENCOUNTERS,13,92.87,7.143846153846154
FLASH WARS,13,92.87,7.143846153846154
EDGE KISSING,15,92.85,6.1899999999999995
PURE RUNNER,16,92.84,5.8025
MUSKETEERS WAIT,17,92.83,5.460588235294118
SLEEPY JAPANESE,21,92.8,4.419047619047619
SILVERADO GOLDFINGER,12,91.88,7.656666666666666
BETRAYED REAR,15,91.85,6.123333333333333
SAGEBRUSH CLUELESS,16,91.84,5.74
SLACKER LIAISONS,17,91.83,5.401764705882353
AFFAIR PREJUDICE,23,91.77,3.9899999999999998
HALF OUTFIELD,26,91.75,3.5288461538461537
TELEMARK HEARTBREAKERS,25,91.75,3.67
BLACKOUT PRIVATE,27,91.73,3.3974074074074077
CONNECTICUT TRAMP,13,90.87,6.99
CAMPUS REMEMBER,19,90.81,4.779473684210527
BASIC EASY,21,90.79,4.323333333333333
ALIEN CENTER,22,90.78,4.126363636363636
FLATLINERS KILLER,22,90.78,4.126363636363636
ELEPHANT TROJAN,14,89.86,6.418571428571428
CHICAGO NORTH,16,89.84,5.615
COLDBLOODED DARLING,16,89.84,5.615
DISTURBING SCARFACE,26,89.74,3.4515384615384614
PITTSBURGH HUNCHBACK,12,88.88,7.406666666666666
MEMENTO ZOOLANDER,13,88.87,6.836153846153847
MOONWALKER FOOL,13,88.87,6.836153846153847
LOSER HUSTLER,15,88.85,5.923333333333333
PANTHER REDS,15,88.85,5.923333333333333
SUBMARINE BED,15,88.85,5.923333333333333
PLUTO OLEANDER,16,88.84,5.5525
RUSH GOODFELLAS,31,88.69,2.8609677419354838
CINCINATTI WHISPERER,13,87.87,6.759230769230769
HYSTERICAL GRAIL,15,87.85,5.8566666666666665
FORREST SONS,18,87.82,4.878888888888889
VANISHING ROCKY,18,87.82,4.878888888888889
NORTHWEST POLISH,20,87.8,4.39
ATLANTIS CAUSE,24,87.76,3.6566666666666667
HORROR REIGN,27,87.73,3.2492592592592593
OPERATION OPERATION,27,87.73,3.2492592592592593
SUPER WYOMING,13,86.87,6.682307692307693
JEEPERS WEDDING,16,86.84,5.4275
LAWLESS VISION,17,86.84,5.108235294117647
WANDA CHAMBER,16,86.84,5.4275
JEKYLL FROGMEN,17,86.83,5.107647058823529
STAR OPERATION,21,86.79,4.1328571428571435
STRANGELOVE DESIRE,24,86.76,3.615
CHAMPION FLATLINERS,13,85.87,6.605384615384616
ANTHEM LUKE,15,85.85,5.723333333333333
STEERS ARMAGEDDON,15,85.85,5.723333333333333
HURRICANE AFFAIR,24,85.76,3.5733333333333337
CLASH FREDDY,25,85.75,3.43
CONTACT ANONYMOUS,26,85.74,3.2976923076923077
ISLAND EXORCIST,26,85.74,3.2976923076923077
TRACY CIDER,26,85.74,3.2976923076923077
AUTUMN CROW,11,84.89,7.717272727272728
RAGING AIRPLANE,13,84.87,6.5284615384615385
PEACH INNOCENT,14,84.85,6.060714285714285
COMFORTS RUSH,17,84.83,4.99
BLUES INSTINCT,21,84.79,4.037619047619048
MURDER ANTITRUST,23,84.77,3.6856521739130432
DOWNHILL ENOUGH,25,84.75,3.39
MALKOVICH PET,26,84.74,3.259230769230769
NONE SPIKING,27,84.73,3.138148148148148
CALIFORNIA BIRDS,12,83.88,6.989999999999999
DEVIL DESIRE,15,83.85,5.59
CAROL TEXAS,18,83.82,4.656666666666666
EYES DRIVING,19,83.81,4.411052631578947
FLYING HOOK,20,83.8,4.1899999999999995
WAIT CIDER,21,83.79,3.99
OSCAR GOLD,25,83.75,3.35
DARKO DORADO,11,82.89,7.535454545454545
CREEPERS KANE,14,82.86,5.918571428571428
AIRPLANE SIERRA,15,82.85,5.5233333333333325
HOLIDAY GAMES,15,82.85,5.5233333333333325
CASABLANCA SUPER,16,82.84,5.1775
WORDS HUNTER,16,82.84,5.1775
NATIONAL STORY,19,82.81,4.358421052631579
UNBREAKABLE KARATE,21,82.79,3.9423809523809528
SHAKESPEARE SADDLE,22,82.78,3.7627272727272727
PATHS CONTROL,10,81.9,8.190000000000001
SWEET BROTHERHOOD,15,81.85,5.456666666666666
TROJAN TOMORROW,19,81.8,4.3052631578947365
DREAM PICKUP,22,81.78,3.7172727272727273
GENTLEMEN STAGE,23,81.77,3.5552173913043474
GOLDFINGER SENSIBILITY,24,81.76,3.4066666666666667
WEDDING APOLLO,24,81.76,3.4066666666666667
LOSE INCH,27,81.73,3.027037037037037
GRAFFITI LOVE,30,81.7,2.7233333333333336
HOBBIT ALIEN,31,81.69,2.6351612903225807
TIES HUNGER,11,80.89,7.3536363636363635
DEEP CRUSADE,14,80.86,5.775714285714286
CHARADE DUFFEL,15,80.85,5.39
HUMAN GRAFFITI,15,80.85,5.39
IDAHO LOVE,17,80.83,4.754705882352941
ORIENT CLOSER,17,80.83,4.754705882352941
ESCAPE METROPOLIS,25,80.75,3.23
VAMPIRE WHALE,12,79.88,6.656666666666666
HOME PITY,14,79.86,5.704285714285715
BAKED CLEOPATRA,16,79.84,4.99
SONS INTERVIEW,15,79.84,5.322666666666667
FERRIS MOTHER,17,79.83,4.695882352941176
PARADISE SABRINA,18,79.82,4.434444444444444
TROUBLE DATE,23,79.78,3.468695652173913
OTHERS SOUP,23,79.77,3.468260869565217
JUMPING WRATH,24,79.76,3.3233333333333337
WEREWOLF LOLA,14,78.86,5.632857142857143
INTENTIONS EMPIRE,17,78.83,4.6370588235294115
BERETS AGENT,21,78.78,3.7514285714285713
BOILED DARES,15,77.85,5.1899999999999995
LONELY ELEPHANT,15,77.85,5.1899999999999995
JACKET FRISCO,18,77.82,4.323333333333333
HARPER DYING,20,77.8,3.8899999999999997
QUEST MUSSOLINI,20,77.8,3.8899999999999997
CROSSROADS CASUALTIES,21,77.79,3.7042857142857146
MALLRATS UNITED,25,77.75,3.11
BEAST HUNCHBACK,11,76.89,6.99
TUXEDO MILE,13,76.87,5.913076923076924
BLINDNESS GUN,14,76.86,5.49
GRINCH MASSAGE,14,76.86,5.49
IMAGE PRINCESS,14,76.86,5.49
MADISON TRAP,15,76.85,5.123333333333333
BADMAN DAWN,21,76.79,3.656666666666667
FROST HEAD,30,76.7,2.5566666666666666
STRANGER STRANGERS,11,75.89,6.899090909090909
LIBERTY MAGNIFICENT,12,75.88,6.323333333333333
DADDY PITTSBURGH,13,75.87,5.836153846153847
CONFESSIONS MAGUIRE,14,75.86,5.418571428571428
HOLES BRANNIGAN,15,75.86,5.057333333333333
SEARCHERS WAIT,14,75.86,5.418571428571428
HOPE TOOTSIE,18,75.82,4.212222222222222
BIRCH ANTITRUST,11,74.89,6.808181818181819
BRANNIGAN SUNRISE,12,74.88,6.239999999999999
IMPOSSIBLE PREJUDICE,14,74.86,5.347142857142857
LUST LOCK,15,74.82,4.9879999999999995
WEEKEND PERSONAL,18,74.82,4.156666666666666
HOMICIDE PEACH,22,74.78,3.399090909090909
HOUSE DYNAMITE,23,74.77,3.2508695652173913
DOUBLE WRATH,25,74.75,2.99
THIN SAGEBRUSH,11,73.89,6.717272727272728
CHISUM BEHAVIOR,13,73.87,5.682307692307693
OUTLAW HANKY,14,73.86,5.275714285714286
WORST BANGER,16,73.84,4.615
ZOOLANDER FICTION,17,73.83,4.342941176470588
REMEMBER DIARY,18,73.82,4.101111111111111
FANTASIA PARK,19,73.81,3.8847368421052635
INSIDER ARIZONA,20,73.8,3.69
DOOM DANCING,21,73.79,3.513809523809524
SINNERS ATLANTIS,22,73.78,3.3536363636363635
MADNESS ATTACKS,25,73.75,2.95
CASUALTIES ENCINO,9,72.91,8.101111111111111
PAST SUICIDES,13,72.87,5.605384615384616
WYOMING STORM,13,72.87,5.605384615384616
GAMES BOWFINGER,14,72.86,5.204285714285715
EGYPT TENENBAUMS,17,72.83,4.284117647058824
POTTER CONNECTICUT,17,72.83,4.284117647058824
INSTINCT AIRPORT,18,72.82,4.045555555555556
NEIGHBORS CHARADE,19,72.81,3.832105263157895
LEBOWSKI SOLDIERS,21,72.79,3.4661904761904765
SNOWMAN ROLLERCOASTER,23,72.77,3.1639130434782605
HILLS NEIGHBORS,25,72.75,2.91
CARIBBEAN LIBERTY,9,71.91,7.989999999999999
ALABAMA DEVIL,12,71.88,5.989999999999999
BRINGING HYSTERICAL,20,71.8,3.59
CHARIOTS CONSPIRACY,21,71.79,3.418571428571429
SWARM GOLD,27,71.73,2.6566666666666667
TEMPLE ATTRACTION,12,70.88,5.906666666666666
JINGLE SAGEBRUSH,13,70.87,5.451538461538462
SATURN NAME,13,70.87,5.451538461538462
USUAL UNTOUCHABLES,13,70.87,5.451538461538462
TURN STAR,14,70.86,5.061428571428571
DINOSAUR SECRETARY,20,70.8,3.54
AMISTAD MIDSUMMER,21,70.79,3.370952380952381
FAMILY SWEET,29,70.7,2.4379310344827587
RUGRATS SHAKESPEARE,30,70.7,2.356666666666667
DAUGHTER MADIGAN,9,69.91,7.767777777777777
MOTHER OLEANDER,14,69.86,4.99
ARTIST COLDBLOODED,16,69.84,4.365
DRIVER ANNIE,18,69.82,3.8788888888888886
POLLOCK DELIVERANCE,18,69.81,3.8783333333333334
FLIGHT LIES,12,68.88,5.739999999999999
GUNFIGHTER MUSSOLINI,12,68.88,5.739999999999999
NOON PAPI,17,68.83,4.048823529411765
HONEY TIES,19,68.81,3.621578947368421
CHICKEN HELLFIGHTERS,22,68.78,3.1263636363636365
DETECTIVE VISION,27,68.73,2.5455555555555556
AMELIE HELLFIGHTERS,10,67.9,6.790000000000001
BILL OTHERS,19,67.81,3.568947368421053
DIVIDE MONSTER,21,67.79,3.2280952380952384
EXCITEMENT EVE,21,67.79,3.2280952380952384
ORANGE GRAPES,24,67.76,2.8233333333333337
KING EVOLUTION,9,66.91,7.434444444444444
TWISTED PIRATES,11,66.89,6.080909090909091
DANGEROUS UPTOWN,12,66.88,5.573333333333333
OPPOSITE NECKLACE,13,66.87,5.143846153846154
BAREFOOT MANCHURIAN,18,66.82,3.7122222222222216
WONKA SEA,18,66.82,3.7122222222222216
NORTH TEQUILA,11,65.89,5.99
OPUS ICE,11,65.89,5.99
CHAMBER ITALIAN,13,65.88,5.067692307692307
MEET CHOCOLATE,12,65.88,5.489999999999999
WAR NOTTING,12,65.88,5.489999999999999
LOVELY JINGLE,14,65.86,4.704285714285715
CLONES PINOCCHIO,19,65.81,3.4636842105263157
FIDDLER LOST,10,64.9,6.49
LOST BIRD,12,64.88,5.406666666666666
DIVINE RESURRECTION,15,64.85,4.323333333333333
MANCHURIAN CURTAIN,15,64.85,4.323333333333333
NASH CHOCOLAT,15,64.85,4.323333333333333
BEACH HEARTBREAKERS,17,64.83,3.813529411764706
POND SEATTLE,19,64.81,3.4110526315789476
GILMORE BOILED,28,64.72,2.3114285714285714
BIRD INDEPENDENCE,11,63.89,5.808181818181819
OCTOBER SUBMARINE,11,63.89,5.808181818181819
JAWS HARRY,14,63.86,4.561428571428571
MASK PEACH,17,63.83,3.754705882352941
BOULEVARD MOB,18,63.82,3.5455555555555556
FURY MURDER,19,63.81,3.358421052631579
LOATHING LEGALLY,27,63.73,2.3603703703703705
HANDICAP BOONDOCK,28,63.72,2.275714285714286
LOVER TRUMAN,10,62.9,6.29
GASLIGHT CRUSADE,16,62.84,3.9275
REAP UNFAITHFUL,16,62.84,3.9275
ALONE TRIP,18,62.82,3.49
JADE BUNCH,18,62.82,3.49
CIDER DESIRE,19,62.81,3.305789473684211
EARRING INSTINCT,19,62.81,3.305789473684211
WRONG BEHAVIOR,20,62.8,3.1399999999999997
PACIFIC AMISTAD,24,62.76,2.6149999999999998
DYNAMITE TARZAN,25,62.75,2.51
MOD SECRETARY,11,61.89,5.626363636363636
STATE WASTELAND,13,61.88,4.76
KICK SAVANNAH,20,61.8,3.09
PARK CITIZEN,8,60.92,7.615
SPARTACUS CHEAPER,9,60.91,6.767777777777777
CIRCUS YOUTH,15,60.85,4.056666666666667
UPRISING UPTOWN,16,60.84,3.8025
ANACONDA CONFESSIONS,21,60.79,2.894761904761905
FIREBALL PHILADELPHIA,21,60.79,2.894761904761905
PACKER MADIGAN,22,60.78,2.7627272727272727
TIGHTS DAWN,26,60.74,2.336153846153846
MADIGAN DORADO,10,59.9,5.99
BORN SPINAL,12,59.88,4.99
MASSAGE IMAGE,12,59.88,4.99
WINDOW SIDE,12,59.88,4.99
IDENTITY LOVER,13,59.87,4.605384615384615
NEMO CAMPUS,14,59.86,4.275714285714286
OUTFIELD MASSACRE,20,59.8,2.9899999999999998
ANNIE IDENTITY,22,59.78,2.7172727272727273
FIGHT JAWBREAKER,22,59.78,2.7172727272727273
MOCKINGBIRD HOLLYWOOD,24,59.76,2.4899999999999998
SMILE EARRING,10,58.9,5.89
TRAINSPOTTING STRANGERS,11,58.89,5.3536363636363635
VALLEY PACKER,15,58.85,3.9233333333333333
MUMMY CREATURES,16,58.84,3.6775
WILLOW TRACY,16,58.84,3.6775
HEAVEN FREEDOM,18,58.82,3.267777777777778
FICTION CHRISTMAS,19,58.81,3.095263157894737
DALMATIONS SWEDEN,20,58.8,2.94
KARATE MOON,23,58.77,2.555217391304348
GUYS FALCON,9,57.91,6.434444444444444
DOUBTFIRE LABYRINTH,10,57.9,5.79
LAMBS CINCINATTI,10,57.9,5.79
SIERRA DIVIDE,15,57.85,3.856666666666667
PILOT HOOSIERS,16,57.84,3.615
PERFECT GROOVE,17,57.83,3.401764705882353
ENOUGH RAGING,18,57.82,3.212222222222222
RACER EGG,18,57.82,3.212222222222222
GABLES METROPOLIS,19,57.81,3.0426315789473684
RIVER OUTLAW,20,57.81,2.8905000000000003
STRAIGHT HOURS,20,57.8,2.8899999999999997
ELEMENT FREDDY,10,56.9,5.6899999999999995
BOWFINGER GABLES,11,56.89,5.171818181818182
FUGITIVE MAGUIRE,11,56.89,5.171818181818182
CREATURES SHAKESPEARE,16,56.84,3.5525
GRAPES FURY,22,56.77,2.5804545454545456
WONDERFUL DROP,9,55.91,6.212222222222222
BUGSY SONG,11,55.89,5.080909090909091
IRON MOON,11,55.89,5.080909090909091
PURPLE MOVIE,13,55.87,4.297692307692308
ANALYZE HOOSIERS,14,55.86,3.9899999999999998
SHANE DARKNESS,14,55.86,3.9899999999999998
DIRTY ACE,15,55.85,3.7233333333333336
PATRIOT ROMAN,16,55.84,3.49
GREEK EVERYONE,17,55.83,3.2841176470588236
UNITED PILOT,17,55.83,3.2841176470588236
GUNFIGHT MOON,24,55.76,2.3233333333333333
SLUMS DUCK,24,55.76,2.3233333333333333
DANCING FEVER,27,55.73,2.064074074074074
MAGNIFICENT CHITTY,8,54.92,6.865
ALI FOREVER,9,54.91,6.101111111111111
MONSOON CAUSE,9,54.91,6.101111111111111
GO PURPLE,20,54.8,2.7399999999999998
FRISCO FORREST,9,53.91,5.989999999999999
NUTS TIES,9,53.91,5.989999999999999
HUNTING MUSKETEERS,15,53.85,3.5900000000000003
SCISSORHANDS SLUMS,15,53.85,3.5900000000000003
ROUGE SQUAD,18,53.82,2.99
REUNION WITCHES,20,53.8,2.69
SLEUTH ORIENT,21,53.79,2.5614285714285714
EFFECT GLADIATOR,25,53.75,2.15
SUN CONFESSIONS,25,53.75,2.15
ACE GOLDFINGER,7,52.93,7.561428571428571
CASPER DRAGONFLY,8,52.92,6.615
REDS POCUS,9,52.91,5.878888888888889
VANILLA DAY,9,52.91,5.878888888888889
GRAIL FRANKENSTEIN,10,52.9,5.29
RIGHT CRANES,10,52.9,5.29
SENSIBILITY REAR,10,52.9,5.29
EXORCIST STING,13,52.87,4.066923076923077
ALLEY EVOLUTION,14,52.86,3.775714285714286
MADRE GABLES,14,52.86,3.775714285714286
SHRUNK DIVINE,14,52.86,3.775714285714286
GRADUATE LORD,16,52.84,3.3025
FREAKY POCUS,17,52.83,3.107647058823529
NOVOCAINE FLIGHT,19,52.81,2.7794736842105263
CHOCOLAT HARRY,20,52.8,2.6399999999999997
HAUNTING PIANIST,22,52.78,2.399090909090909
ISHTAR ROCKETEER,7,51.93,7.418571428571428
PANIC CLUB,7,51.93,7.418571428571428
ELIZABETH SHANE,10,51.9,5.1899999999999995
AFRICAN EGG,12,51.88,4.323333333333333
BREAKING HOME,13,51.87,3.9899999999999998
MONSTER SPARTACUS,15,51.85,3.4566666666666666
CADDYSHACK JEDI,16,51.84,3.24
MOULIN WAKE,16,51.84,3.24
PIRATES ROXANNE,21,51.78,2.4657142857142857
VIRGINIAN PLUTO,29,51.71,1.783103448275862
CLERKS ANGELS,7,50.93,7.275714285714286
WORKER TARZAN,15,50.85,3.39
INDIAN LOVE,16,50.84,3.1775
LOCK REAR,16,50.84,3.1775
KWAI HOMEWARD,23,50.77,2.2073913043478264
BOUND CHEAPER,24,50.76,2.1149999999999998
DARLING BREAKING,9,49.91,5.545555555555556
INTOLERABLE INTENTIONS,9,49.91,5.545555555555556
SPEED SUIT,9,49.91,5.545555555555556
HOLLOW JEOPARDY,10,49.9,4.99
POTLUCK MIXED,11,49.89,4.535454545454545
EXPRESS LONELY,13,49.87,3.836153846153846
PERSONAL LADYBUGS,14,49.86,3.5614285714285714
TOWN ARK,14,49.86,3.5614285714285714
MODERN DORADO,15,49.85,3.3233333333333333
WASTELAND DIVINE,15,49.85,3.3233333333333333
HOURS RAGE,19,49.81,2.621578947368421
GOSFORD DONNIE,8,48.92,6.115
DROP WATERFRONT,9,48.91,5.434444444444444
LOLITA WORLD,10,48.9,4.89
RIDER CADDYSHACK,11,48.89,4.444545454545454
DARKNESS WAR,13,48.87,3.759230769230769
CYCLONE FAMILY,15,48.86,3.2573333333333334
HAMLET WISDOM,14,48.86,3.4899999999999998
VARSITY TRIP,16,48.84,3.0525
ROCK INSTINCT,17,48.83,2.8723529411764703
GOLDMINE TYCOON,27,48.73,1.8048148148148146
VOYAGE LEGALLY,28,48.72,1.74
SENSE GREEK,7,47.93,6.847142857142857
CRUSADE HONEY,8,47.92,5.99
KRAMER CHOCOLATE,9,47.91,5.323333333333333
ENTRAPMENT SATISFACTION,15,47.85,3.19
LABYRINTH LEAGUE,15,47.85,3.19
SHIP WONDERLAND,15,47.85,3.19
NEWTON LABYRINTH,17,47.83,2.813529411764706
TRAMP OTHERS,20,47.8,2.3899999999999997
GROSSE WONDERFUL,8,46.92,5.865
PUNK DIVORCE,8,46.92,5.865
ANYTHING SAVANNAH,9,46.91,5.212222222222222
HOTEL HAPPINESS,9,46.91,5.212222222222222
LEGALLY SECRETARY,9,46.91,5.212222222222222
STAGE WORLD,10,46.9,4.6899999999999995
MICROCOSMOS PARADISE,13,46.87,3.605384615384615
PARIS WEEKEND,14,46.86,3.347142857142857
TROOPERS METAL,14,46.86,3.347142857142857
SHREK LICENSE,15,46.85,3.1233333333333335
STORM HAPPINESS,29,46.71,1.610689655172414
BABY HALL,8,45.92,5.74
MATRIX SNOWMAN,9,45.91,5.101111111111111
PLATOON INSTINCT,9,45.91,5.101111111111111
ROLLERCOASTER BRINGING,10,45.9,4.59
SPEAKEASY DATE,12,45.88,3.8233333333333337
DATE SPEED,13,45.87,3.528461538461538
STOCK GLASS,14,45.86,3.275714285714286
UNCUT SUICIDES,14,45.86,3.275714285714286
MIDNIGHT WESTWARD,17,45.83,2.6958823529411764
ARMAGEDDON LOST,21,45.79,2.1804761904761905
FANTASY TROOPERS,26,45.74,1.7592307692307694
MIRACLE VIRTUAL,9,44.91,4.989999999999999
LIFE TWISTED,10,44.9,4.49
RUN PACIFIC,10,44.9,4.49
PARTY KNOCK,13,44.87,3.4515384615384614
CLUB GRAFFITI,19,44.8,2.357894736842105
WOMEN DORADO,23,44.78,1.9469565217391305
ALASKA PHANTOM,26,44.74,1.7207692307692308
RECORDS ZORRO,8,43.92,5.49
FOREVER CANDIDATE,13,43.87,3.3746153846153844
LUCKY FLYING,13,43.87,3.3746153846153844
GLASS DYING,14,43.86,3.132857142857143
SHANGHAI TYCOON,14,43.86,3.132857142857143
NECKLACE OUTBREAK,15,43.85,2.9233333333333333
MAJESTIC FLOATS,17,43.83,2.578235294117647
POCUS PULP,26,43.74,1.6823076923076923
WARS PLUTO,10,42.9,4.29
CRANES RESERVOIR,11,42.89,3.899090909090909
LORD ARIZONA,11,42.89,3.899090909090909
PRIX UNDEFEATED,11,42.89,3.899090909090909
SADDLE ANTITRUST,14,42.86,3.0614285714285714
ROOTS REMEMBER,17,42.83,2.5194117647058825
COAST RAINBOW,21,42.79,2.0376190476190477
MOURNING PURPLE,21,42.79,2.0376190476190477
BANGER PINOCCHIO,22,42.78,1.9445454545454546
EARLY HOME,7,41.93,5.99
HEAVENLY GUN,7,41.93,5.99
HOOSIERS BIRDCAGE,8,41.92,5.24
SOLDIERS EVOLUTION,8,41.92,5.24
FEATHERS METAL,11,41.89,3.808181818181818
MILE MULAN,13,41.87,3.2207692307692306
SPIKING ELEMENT,13,41.87,3.2207692307692306
ARMY FLINTSTONES,16,41.84,2.615
GROOVE FICTION,18,41.82,2.3233333333333333
DISCIPLE MOTHER,19,41.81,2.2005263157894737
SUNDANCE INVASION,19,41.81,2.2005263157894737
CROOKED FROGMEN,23,41.77,1.8160869565217392
CLUE GRAIL,7,40.93,5.847142857142857
EVE RESURRECTION,7,40.93,5.847142857142857
PRESIDENT BANG,7,40.93,5.847142857142857
TARZAN VIDEOTAPE,8,40.92,5.115
FRIDA SLIPPER,11,40.9,3.7181818181818183
BLANKET BEVERLY,12,40.88,3.4066666666666667
CABIN FLASH,15,40.85,2.7233333333333336
SPLENDOR PATTON,21,40.79,1.9423809523809523
JERSEY SASSY,6,39.94,6.656666666666666
TERMINATOR CLUB,6,39.94,6.656666666666666
ELF MURDER,7,39.93,5.704285714285715
FIRE WOLVES,7,39.93,5.704285714285715
STONE FIRE,11,39.89,3.6263636363636365
ROBBERY BRIGHT,13,39.87,3.066923076923077
SPINAL ROCKY,13,39.87,3.066923076923077
PAJAMA JAWBREAKER,14,39.86,2.847142857142857
ILLUSION AMELIE,15,39.85,2.6566666666666667
TOOTSIE PILOT,15,39.85,2.6566666666666667
JOON NORTHWEST,17,39.83,2.342941176470588
ENCOUNTERS CURTAIN,19,39.81,2.095263157894737
CONGENIALITY QUEST,22,39.78,1.8081818181818183
OUTBREAK DIVINE,23,39.77,1.7291304347826089
FEUD FROGMEN,25,39.75,1.59
STORY SIDE,28,39.72,1.4185714285714286
TALENTED HOMICIDE,29,39.71,1.3693103448275863
ITALIAN AFRICAN,6,38.94,6.489999999999999
BLOOD ARGONAUTS,10,38.9,3.8899999999999997
WAGON JAWS,10,38.9,3.8899999999999997
DRUMLINE CYCLONE,11,38.89,3.5354545454545456
MIGHTY LUCK,12,38.88,3.24
UPTOWN YOUNG,12,38.88,3.24
INDEPENDENCE HOTEL,19,38.81,2.0426315789473684
PIANIST OUTFIELD,21,38.78,1.8466666666666667
WIND PHANTOM,23,38.77,1.6856521739130437
CAPER MOTIONS,24,38.76,1.615
CURTAIN VIDEOTAPE,27,38.74,1.434814814814815
MOON BUNCH,29,38.71,1.3348275862068966
GRACELAND DYNAMITE,6,37.94,6.323333333333333
GODFATHER DIARY,8,37.92,4.74
VERTIGO NORTHWEST,8,37.92,4.74
SNATCHERS MONTEZUMA,9,37.91,4.212222222222222
ANTITRUST TOMATOES,10,37.9,3.79
ADAPTATION HOLES,12,37.88,3.1566666666666667
HEDWIG ALTER,12,37.88,3.1566666666666667
INTRIGUE WORST,20,37.8,1.89
SHOOTIST SUPERFLY,24,37.76,1.5733333333333333
GUN BONNIE,25,37.75,1.51
WESTWARD SEABISCUIT,26,37.74,1.4515384615384617
CONTROL ANTHEM,7,36.93,5.275714285714286
DOZEN LION,7,36.93,5.275714285714286
MULAN MOON,13,36.87,2.836153846153846
INSECTS STONE,18,36.81,2.045
CHEAPER CLYDE,20,36.8,1.8399999999999999
VOLCANO TEXAS,22,36.78,1.6718181818181819
ACADEMY DINOSAUR,23,36.77,1.598695652173913
PRIMARY GLASS,27,36.73,1.3603703703703702
BUBBLE GROSSE,6,35.94,5.989999999999999
FRONTIER CABIN,6,35.94,5.989999999999999
SCHOOL JACKET,6,35.94,5.989999999999999
UNTOUCHABLES SUNRISE,8,35.92,4.49
GONE TROUBLE,10,35.9,3.59
HALLOWEEN NUTS,10,35.9,3.59
DONNIE ALLEY,14,35.86,2.5614285714285714
LOVE SUICIDES,20,35.8,1.7899999999999998
ALAMO VIDEOTAPE,24,35.76,1.49
DOCTOR GRAIL,7,34.93,4.99
RESERVOIR ADAPTATION,10,34.9,3.4899999999999998
MAGNOLIA FORRESTER,11,34.89,3.171818181818182
SONG HEDWIG,11,34.89,3.171818181818182
MOB DUFFEL,12,34.88,2.9066666666666667
RINGS HEARTBREAKERS,15,34.85,2.3233333333333333
SUMMER SCARFACE,16,34.84,2.1775
WATCH TRACY,16,34.84,2.1775
TAXI KICK,17,34.83,2.0488235294117647
LION UNCUT,18,34.82,1.9344444444444444
BLADE POLISH,22,34.79,1.5813636363636363
CARRIE BUNCH,23,34.77,1.5117391304347827
EARTH VISION,23,34.77,1.5117391304347827
FEVER EMPIRE,5,33.95,6.790000000000001
DIVORCE SHINING,7,33.93,4.847142857142857
MAGUIRE APACHE,9,33.91,3.7677777777777774
SANTA PARIS,11,33.89,3.080909090909091
SPLASH GUMP,14,33.86,2.4185714285714286
TRANSLATION SUMMER,15,33.85,2.256666666666667
ROXANNE REBEL,19,33.81,1.7794736842105265
VOICE PEACH,19,33.81,1.7794736842105265
AMADEUS HOLY,21,33.79,1.609047619047619
CHAINSAW UPTOWN,21,33.79,1.609047619047619
TEQUILA PAST,6,32.94,5.489999999999999
BULWORTH COMMANDMENTS,7,32.93,4.704285714285715
MAKER GABLES,10,32.9,3.29
NATURAL STOCK,13,32.87,2.528461538461538
STAMPEDE DISTURBING,14,32.86,2.347142857142857
MOTIONS DETAILS,16,32.85,2.053125
BONNIE HOLOCAUST,16,32.84,2.0525
FACTORY DRAGON,17,32.83,1.9311764705882353
REAR TRADING,17,32.83,1.9311764705882353
MARS ROMAN,19,32.81,1.726842105263158
HIGHBALL POTTER,21,32.79,1.5614285714285714
ALTER VICTORY,22,32.78,1.49
CHILL LUCK,22,32.78,1.49
CELEBRITY HORN,24,32.76,1.365
SHEPHERD MIDSUMMER,25,32.75,1.31
DESPERATE TRAINSPOTTING,6,31.94,5.323333333333333
HAUNTED ANTITRUST,6,31.94,5.323333333333333
DESTINATION JERK,8,31.92,3.99
SAINTS BRIDE,8,31.92,3.99
DWARFS ALTER,9,31.91,3.5455555555555556
RANDOM GO,9,31.91,3.5455555555555556
DANCES NONE,14,31.86,2.275714285714286
SEVEN SWARM,5,30.95,6.1899999999999995
APOCALYPSE FLAMINGOS,6,30.94,5.156666666666667
JUMANJI BLADE,8,30.92,3.865
DOLLS RAGE,9,30.91,3.4344444444444444
LUCK OPUS,10,30.9,3.09
THEORY MERMAID,11,30.88,2.807272727272727
SLIPPER FIDELITY,16,30.84,1.9275
EMPIRE MALKOVICH,21,30.79,1.466190476190476
DARES PLUTO,9,29.91,3.3233333333333333
WISDOM WORKER,9,29.91,3.3233333333333333
OLEANDER CLUE,10,29.9,2.9899999999999998
SIDE ARK,12,29.88,2.4899999999999998
CLEOPATRA DEVIL,18,29.83,1.6572222222222222
LOUISIANA HARRY,17,29.83,1.7547058823529411
ROOM ROMAN,20,29.8,1.49
ROMAN PUNK,24,29.76,1.24
COWBOY DOOM,7,28.93,4.132857142857143
LUKE MUMMY,7,28.93,4.132857142857143
PIZZA JUMANJI,7,28.93,4.132857142857143
CHITTY LOCK,8,28.92,3.615
PAPI NECKLACE,8,28.92,3.615
WON DARES,9,28.91,3.212222222222222
JEOPARDY ENCINO,10,28.9,2.8899999999999997
FINDING ANACONDA,12,28.88,2.4066666666666667
SAVANNAH TOWN,12,28.88,2.4066666666666667
CHRISTMAS MOONSHINE,21,28.79,1.370952380952381
GREASE YOUTH,21,28.79,1.370952380952381
INFORMER DOUBLE,5,27.95,5.59
LEATHERNECKS DWARFS,7,27.93,3.9899999999999998
SQUAD FISH,7,27.93,3.9899999999999998
DIARY PANIC,9,27.91,3.101111111111111
DRAGON SQUAD,11,27.89,2.5354545454545456
MINORITY KISS,12,27.89,2.3241666666666667
CANYON STOCK,19,27.81,1.4636842105263157
ENCINO ELF,19,27.81,1.4636842105263157
BORROWERS BEDAZZLED,22,27.78,1.2627272727272727
PRIVATE DROP,5,26.95,5.39
PET HAUNTING,8,26.92,3.365
UNFAITHFUL KILL,8,26.92,3.365
CRAZY HOME,9,26.91,2.99
EVOLUTION ALTER,12,26.88,2.2399999999999998
RESURRECTION SILVERADO,21,26.79,1.2757142857142856
BUNCH MINDS,5,25.95,5.1899999999999995
DESIRE ALIEN,8,25.92,3.24
NOTORIOUS REUNION,14,25.86,1.8471428571428572
MOSQUITO ARMAGEDDON,15,25.85,1.7233333333333334
HOLOCAUST HIGHBALL,17,25.83,1.5194117647058822
UNFORGIVEN ZOOLANDER,18,25.82,1.4344444444444444
MASKED BUBBLE,20,25.8,1.29
DECEIVER BETRAYED,21,25.79,1.2280952380952381
TRAIN BUNCH,4,24.96,6.24
HUNTER ALTER,5,24.95,4.99
TRAFFIC HOBBIT,5,24.95,4.99
BED HIGHBALL,6,24.94,4.156666666666667
WORLD LEATHERNECKS,8,24.92,3.115
GATHERING CALENDAR,11,24.89,2.2627272727272727
DRUMS DYNAMITE,13,24.87,1.9130769230769231
EVERYONE CRAFT,13,24.87,1.9130769230769231
STREAK RIDGEMONT,16,24.84,1.5525
POLISH BROOKLYN,18,24.82,1.3788888888888888
PATIENT SISTER,19,24.81,1.3057894736842104
DRACULA CRYSTAL,21,24.79,1.1804761904761905
WOLVES DESIRE,21,24.79,1.1804761904761905
MANNEQUIN WORST,5,23.95,4.79
CASSIDY WYOMING,6,23.94,3.99
DUCK RACER,6,23.94,3.99
LESSON CLEOPATRA,7,23.93,3.4185714285714286
CHAPLIN LICENSE,8,23.92,2.99
CLYDE THEORY,8,23.92,2.99
BIRDCAGE CASPER,9,23.91,2.6566666666666667
REEF SALUTE,11,23.89,2.171818181818182
WRATH MILE,14,23.86,1.7042857142857142
ODDS BOOGIE,15,23.85,1.59
HOMEWARD CIDER,16,23.84,1.49
EXTRAORDINARY CONQUERER,6,22.94,3.8233333333333337
HAPPINESS UNITED,6,22.94,3.8233333333333337
BANG KWAI,7,22.93,3.275714285714286
LICENSE WEEKEND,7,22.93,3.275714285714286
NEWSIES STORY,7,22.93,3.275714285714286
SHINING ROSES,8,22.92,2.865
ARABIA DOGMA,13,22.87,1.7592307692307694
HUNGER ROOF,13,22.87,1.7592307692307694
VIETNAM SMOOCHY,15,22.85,1.5233333333333334
GANDHI KWAI,17,22.83,1.342941176470588
MUSIC BOONDOCK,19,22.81,1.2005263157894737
KILLER INNOCENT,6,21.94,3.6566666666666667
PHANTOM GLORY,6,21.94,3.6566666666666667
WARLOCK WEREWOLF,6,21.94,3.6566666666666667
MENAGERIE RUSHMORE,7,21.93,3.132857142857143
MULHOLLAND BEAST,7,21.93,3.132857142857143
CITIZEN SHREK,13,21.87,1.6823076923076923
MONTEREY LABYRINTH,13,21.87,1.6823076923076923
BULL SHAWSHANK,16,21.84,1.365
BRIDE INTRIGUE,19,21.81,1.1478947368421053
JEDI BENEATH,19,21.81,1.1478947368421053
IMPACT ALADDIN,9,20.91,2.3233333333333333
SPOILERS HELLFIGHTERS,10,20.9,2.09
TENENBAUMS COMMAND,13,20.87,1.6053846153846154
KANE EXORCIST,14,20.86,1.49
CRAFT OUTFIELD,16,20.84,1.3025
MYSTIC TRUMAN,10,19.9,1.9899999999999998
LANGUAGE COWBOY,11,19.89,1.8081818181818183
SPIRITED CASUALTIES,11,19.89,1.8081818181818183
LOVERBOY ATTACKS,12,19.88,1.6566666666666665
SORORITY QUEEN,12,19.88,1.6566666666666665
TOMATOES HELLFIGHTERS,14,19.86,1.4185714285714286
RUSHMORE MERMAID,6,18.94,3.1566666666666667
SIMON NORTH,6,18.94,3.1566666666666667
HOLY TADPOLE,9,18.91,2.101111111111111
ENDING CROWDS,11,18.89,1.7172727272727273
CROW GREASE,12,18.88,1.5733333333333333
PRIDE ALAMO,16,18.84,1.1775
SMOKING BARBARELLA,18,18.83,1.046111111111111
LADYBUGS ARMAGEDDON,6,17.94,2.99
MAGIC MALLRATS,7,17.93,2.5614285714285714
GILBERT PELICAN,9,17.91,1.99
SUPERFLY TRIP,10,17.9,1.7899999999999998
ANONYMOUS HUMAN,13,17.87,1.3746153846153848
HOOK CHARIOTS,13,17.87,1.3746153846153848
SIEGE MADRE,15,17.85,1.1900000000000002
BRAVEHEART HUMAN,5,16.95,3.3899999999999997
CONSPIRACY SPIRIT,5,16.95,3.3899999999999997
FULL FLATLINERS,5,16.95,3.3899999999999997
YOUTH KICK,6,16.94,2.8233333333333337
BENEATH RUSH,10,16.9,1.69
FROGMEN BREAKING,10,16.9,1.69
BEETHOVEN EXORCIST,11,16.89,1.5354545454545454
VALENTINE VANISHING,12,16.88,1.4066666666666665
BEDAZZLED MARRIED,13,16.87,1.2976923076923077
SILENCE KANE,16,16.84,1.0525
HARDLY ROBBERS,4,15.96,3.99
MIXED DOORS,4,15.96,3.99
MUSSOLINI SPOILERS,5,15.95,3.19
WILD APOLLO,6,15.94,2.6566666666666667
HAWK CHILL,7,15.93,2.275714285714286
VISION TORQUE,7,15.93,2.275714285714286
JUNGLE CLOSER,9,15.91,1.767777777777778
LAWRENCE LOVE,13,15.87,1.2207692307692306
SASSY PACKER,13,15.87,1.2207692307692306
GREEDY ROOTS,14,15.86,1.1328571428571428
SPIRIT FLINTSTONES,15,15.85,1.0566666666666666
GLORY TRACY,5,14.95,2.9899999999999998
SLING LUKE,6,14.94,2.4899999999999998
VANISHED GARDEN,7,14.94,2.1342857142857143
RUNNER MADIGAN,8,14.92,1.865
ZHIVAGO CORE,9,14.91,1.6566666666666667
SMOOCHY CONTROL,12,14.88,1.24
DUMBO LUST,6,13.94,2.3233333333333333
WATERSHIP FRONTIER,6,13.94,2.3233333333333333
LEGEND JEDI,9,13.91,1.5455555555555556
NOTTING SPEAKEASY,10,13.9,1.3900000000000001
HOLLYWOOD ANONYMOUS,13,13.87,1.0669230769230769
TREATMENT JEKYLL,7,12.93,1.8471428571428572
RUNAWAY TENENBAUMS,8,12.92,1.615
SOUP WISDOM,8,12.92,1.615
SUNSET RACER,8,12.92,1.615
VICTORY ACADEMY,9,12.91,1.4344444444444444
TOWERS HURRICANE,11,12.89,1.1718181818181819
MAUDE MOD,8,11.92,1.49
GHOSTBUSTERS ELF,9,11.91,1.3233333333333333
MONTEZUMA COMMAND,9,11.91,1.3233333333333333
CLOCKWORK PARADISE,10,11.9,1.19
JAWBREAKER BROOKLYN,10,11.9,1.19
CONNECTION MICROCOSMOS,7,10.93,1.5614285714285714
BALLROOM MOCKINGBIRD,8,10.92,1.365
COMANCHEROS ENEMY,6,9.94,1.6566666666666665
HAROLD FRENCH,8,9.92,1.24
LIGHTS DEER,8,9.92,1.24
STALLION SUNDANCE,7,8.93,1.2757142857142856
JAPANESE RUN,6,7.94,1.3233333333333335
CRUELTY UNFORGIVEN,7,7.93,1.1328571428571428
REBEL AIRPORT,8,7.92,0.99
DUFFEL APOCALYPSE,7,6.93,0.99
YOUNG LANGUAGE,7,6.93,0.99
FREEDOM CLEOPATRA,5,5.95,1.19
OKLAHOMA JUMANJI,6,5.94,0.9900000000000001
TEXAS WATCH,6,5.94,0.9900000000000001
